トピック名,アイコン,先生メモ,見出し,本文,画像URL,画像キャプション,画像URL2,画像キャプション2,YouTubeURL
三線の基礎知識,📚,授業導入用の基本資料,①三線とは,"三線（さんしん）は沖縄・奄美地方の伝統的な弦楽器です。3本の弦を「爪（つめ）」ではじいて演奏します。蛇皮が張られた丸い胴と細長い棹が特徴で、沖縄音楽には欠かせない楽器です。",,,,,
三線の基礎知識,📚,,②各部の名称,"三線は主に次の部品からできています。
【チーガ】蛇皮を張った丸い胴の部分。音を響かせます。
【棹（さお）】弦を張る細長い部分。
【カラクイ（絲巻）】弦の張り具合（音の高さ）を調整するペグ。
【爪（つめ）】人差し指に付けて弦をはじく道具。水牛の骨などでできています。
【絃（いとぅ）】3本の弦。太い順に男絃・中絃・女絃と呼びます。",,各部の名称（画像URLを入力してください）,,,
三線の基礎知識,📚,,③三味線との違い,"三線は沖縄・琉球で発展し、三味線は日本本土で発展しました。

| 項目 | 三線 | 三味線 |
| 広まった地域 | 沖縄・琉球 | **日本本土** |
| 皮 | 蛇皮が伝統的 | 猫皮や犬皮が伝統的 |
| 音の感じ | やわらかい、あたたかみがある | はっきりしている、するどさがある |

三味線は、三線が日本本土に伝わったあとに広まった楽器です。",,三線（画像URLを入力）,,三味線（画像URLを入力）,
三線の基礎知識,📚,,④爪と弦について,"| 弦の名前 | 太さ | 音 |
| 男絃（うーじる） | 太い | 低い |
| 中絃（なかじる） | 中くらい | 中くらい |
| 女絃（みーじる） | 細い | 高い |

爪は人差し指の第一関節と第二関節の間にはめ、角の部分で弦をはじきます。",,,,,
三線の歴史,🎵,歴史の授業と合わせて使える資料,①起源と伝来,"三線のルーツは、中国の「三弦（さんげん）」といわれています。14〜15世紀ごろ、琉球（現在の沖縄）に伝わり、琉球独自のスタイルに発展しました。

琉球王国では、三線は宮廷（御座楽）から一般の民衆の音楽まで幅広く使われ、沖縄文化の象徴的な楽器になりました。",,,,,
三線の歴史,🎵,,②琉球音楽への発展,"三線はさまざまな琉球音楽で使われています。

| ジャンル | 特徴 |
| 古典音楽 | 宮廷で演奏された格式高い音楽。組踊などに使われる。 |
| 民謡 | 「安里屋ユンタ」「花」など庶民の歌。 |
| 現代音楽 | 「島唄」「島人ぬ宝」などポップスにも使われる。 |

現在も沖縄・奄美地方で広く親しまれており、学校教育でも取り入れられています。",,,,,
